{"version":1.0,"egoVehicle":{"DataID":0,"UNIQUEID":-1,"m_eobstacleObjType":0,"initPosition":{"initPositionMode":"Absolute","pos":{"x":-92.1259994506836,"y":282.1659851074219,"z":28.059999465942384,"_x":"-92.126","_y":"282.166","_z":"28.060"},"rot":{"roll":"-0.140","pitch":"359.676","yaw":"-60.819"},"initLink":"","initLinkRatio":0,"gear":1,"vehicleSaveData":{"velocity":0.005253009498119354,"inputData":[0,0,0,0,0,0,1,0,0,0],"vehicle":{"time":251.13682556152345,"lastVelocity":{"x":0.0007199572864919901,"y":-0.00002842981666617561,"z":-0.0012686268892139197},"lastImpactTime":0.0},"wheels":[{"L":-0.005369257647544146,"Tr":-21.44384002685547,"contactDepth":0.04531341791152954,"lastTireForce":{"x":-2.007361650466919,"y":67.00994110107422}},{"L":-0.005385000724345446,"Tr":-21.443710327148439,"contactDepth":0.04026475548744202,"lastTireForce":{"x":-1.7514700889587403,"y":67.00994110107422}},{"L":-0.005369276273995638,"Tr":-0.0006640636711381376,"contactDepth":0.040342777967453,"lastTireForce":{"x":-1.7214614152908326,"y":0.0020751990377902986}},{"L":-0.00555329117923975,"Tr":-0.0005438829539343715,"contactDepth":0.04527658224105835,"lastTireForce":{"x":-1.9320067167282105,"y":0.001648130128160119}}],"engine":{"L":39.2699089050293,"Treaction":-28.47083282470703,"rpmLimiterActive":false,"rpmLimiterTime":0.0,"tcsActivationTime":-1.0},"gearbox":{"L":0.07853975147008896,"manualGear":0,"manualRatio":0.0,"engaged":false,"lastEngagedTime":0.0,"lastAutoShiftTime":0.0,"vehicleMoving":false,"gearMode":1,"automaticGear":0,"automaticRatio":-5.35099983215332,"transition":false,"transitionStartedTime":220.7703399658203,"fromGear":1,"toGear":-1,"fromRatio":3.867000102996826,"toRatio":-5.35099983215332,"transitionRatio":3.867000102996826}}},"currentVelocity":0.005253009498119354,"v2vUDPSessionInfo":{"isInit":false,"v2vConfig":{"hostIP":"0.0.0.0","Port":5641,"receiveTimeout":0,"BuffSize":8196,"surroundVehiclePubTime":100}},"beforeControlMode":0},"vehicleList":[{"DataID":30100007,"UNIQUEID":2,"m_eobstacleObjType":1,"initPosition":{"initPositionMode":"Absolute","pos":{"x":-38.36899948120117,"y":248.02000427246095,"z":29.402000427246095,"_x":"-38.369","_y":"248.020","_z":"29.402"},"rot":{"roll":"0.000","pitch":"358.858","yaw":"30.065"},"initLink":"{b40ad01a-81ba-4a82-b214-ea94d56bf98f}","initLinkRatio":0,"gear":4,"vehicleSaveData":{"velocity":0.0,"inputData":[0,0,0,0,0,0,4,0,0,0],"vehicle":{"time":0.0,"lastVelocity":{"x":0.0,"y":0.0,"z":0.0},"lastImpactTime":0.0},"wheels":[{"L":0.0,"Tr":0.0,"contactDepth":0.0,"lastTireForce":{"x":0.0,"y":0.0}},{"L":0.0,"Tr":0.0,"contactDepth":0.0,"lastTireForce":{"x":0.0,"y":0.0}},{"L":0.0,"Tr":0.0,"contactDepth":0.0,"lastTireForce":{"x":0.0,"y":0.0}},{"L":0.0,"Tr":0.0,"contactDepth":0.0,"lastTireForce":{"x":0.0,"y":0.0}}],"engine":{"L":3.7694168090820314,"Treaction":0.0,"rpmLimiterActive":false,"rpmLimiterTime":0.0,"tcsActivationTime":-1.0},"gearbox":{"L":0.0,"manualGear":0,"manualRatio":0.0,"engaged":false,"lastEngagedTime":0.0,"lastAutoShiftTime":0.0,"vehicleMoving":false,"gearMode":0,"automaticGear":0,"automaticRatio":0.0,"transition":false,"transitionStartedTime":0.0,"fromGear":0,"toGear":0,"fromRatio":0.0,"toRatio":0.0,"transitionRatio":0.0}}},"velocityType":2,"linkVelocity":85,"constantVelocity":25.0,"desiredVelocity":25.0,"currentVelocity":0.0,"isCloseLoop":false,"isEgo":false,"spawnPointUniqueID":-1,"destinationUniqueID":3,"startPointLinkInfo":{"linkIdx":"{b40ad01a-81ba-4a82-b214-ea94d56bf98f}","pointIdx":4},"endPointLinkInfo":{"linkIdx":"{72fc22c3-fc61-4137-b904-c14160d7aa1a}","pointIdx":18},"currentLinkInfo":{"linkIdx":"{b40ad01a-81ba-4a82-b214-ea94d56bf98f}","pointIdx":4},"loopStartLinkInfo":{"linkIdx":"{b40ad01a-81ba-4a82-b214-ea94d56bf98f}","pointIdx":4},"v2vUDPSessionInfo":{"isInit":false,"v2vConfig":{"hostIP":"0.0.0.0","Port":5643,"receiveTimeout":0,"BuffSize":8196,"surroundVehiclePubTime":100}},"latBiasMode":1,"bias":0.0}],"pedestrianList":[],"objectList":[],"spawnPointList":[],"tlList":[],"mapInfo":{"mapName":"R_KR_PR_Jeju-Airport","eastOffset":0.0,"northOffset":0.0,"globalCoordinateSystem":"Proj_Jeju","scenarioCoordinateSystem":"ENU"},"v2IInfo":{"isAlive":false,"acceptIp":"127.0.0.1","acceptPort":5000,"v2vIP":"127.0.0.1"},"pedspawnPointList":[],"aiPedstrianList":[],"shadedAreaList":[]}